{"firstLayout":"","gdVersion":{"build":99,"major":4,"minor":0,"revision":0},"properties":{"adaptGameResolutionAtRuntime":true,"antialiasingMode":"MSAA","antialisingEnabledOnMobile":false,"folderProject":false,"orientation":"default","packageName":"com.example.gamename","pixelsRounding":true,"projectUuid":"56046db2-4c21-4d4b-8e6a-e45cca506196","scaleMode":"nearest","sizeOnStartupMode":"adaptHeight","templateSlug":"","useExternalSourceFiles":false,"version":"1.0.0","name":"The Boy Who Knew No Fear","description":"","author":"","windowWidth":1450,"windowHeight":750,"latestCompilationDirectory":"","maxFPS":60,"minFPS":20,"verticalSync":false,"platformSpecificAssets":{},"loadingScreen":{"backgroundColor":0,"backgroundFadeInDuration":0.2,"backgroundImageResourceName":"","gdevelopLogoStyle":"light","logoAndProgressFadeInDuration":0.2,"logoAndProgressLogoFadeInDelay":0.2,"minDuration":1.5,"progressBarColor":16777215,"progressBarHeight":20,"progressBarMaxWidth":200,"progressBarMinWidth":40,"progressBarWidthPercent":30,"showGDevelopSplash":true,"showProgressBar":true},"watermark":{"placement":"bottom-left","showWatermark":true},"authorIds":[],"authorUsernames":[],"categories":[],"playableDevices":[],"extensionProperties":[],"platforms":[{"name":"GDevelop JS platform"}],"currentPlatform":"GDevelop JS platform"},"resources":{"resources":[{"alwaysLoaded":false,"file":"assets/image/NewSprite2.png","kind":"image","metadata":"{\"extension\":\".png\"}","name":"NewSprite2","smoothed":false,"userAdded":true},{"alwaysLoaded":false,"file":"assets/image/NewSprite3.png","kind":"image","metadata":"{\"extension\":\".png\"}","name":"NewSprite3","smoothed":false,"userAdded":false},{"alwaysLoaded":false,"file":"assets/image/NewSprite4.png","kind":"image","metadata":"{\"extension\":\".png\"}","name":"NewSprite4","smoothed":false,"userAdded":true},{"alwaysLoaded":false,"file":"https://asset-resources.gdevelop.io/public-resources/Western FPS 2D/Character/8445949907090cc15fe305906f275957220ac4674eaf3a6f434650277dd0bd4e_Cowboy with cape 2_Idle.png","kind":"image","metadata":"","name":"Cowboy with cape 2_Idle.png","smoothed":false,"userAdded":true,"origin":{"identifier":"https://asset-resources.gdevelop.io/public-resources/Western FPS 2D/Character/8445949907090cc15fe305906f275957220ac4674eaf3a6f434650277dd0bd4e_Cowboy with cape 2_Idle.png","name":"gdevelop-asset-store"}},{"alwaysLoaded":false,"file":"assets/image/New image.png","kind":"image","metadata":"{\"extension\":\".png\",\"pskl\":{}}","name":"New image","smoothed":false,"userAdded":true},{"alwaysLoaded":false,"file":"assets/image/Wall.png","kind":"image","metadata":"{\"extension\":\".png\"}","name":"Wall","smoothed":false,"userAdded":false}],"resourceFolders":[]},"objects":[],"objectsGroups":[],"variables":[],"layouts":[{"b":209,"disableInputWhenNotFocused":true,"mangledName":"Untitled_32scene","name":"Untitled scene","r":209,"standardSortMethod":true,"stopSoundsOnStartup":true,"title":"","v":209,"uiSettings":{"grid":false,"gridType":"rectangular","gridWidth":32,"gridHeight":32,"gridOffsetX":0,"gridOffsetY":0,"gridColor":10401023,"gridAlpha":0.8,"snap":false,"zoomFactor":0.8141881203709924,"windowMask":false},"objectsGroups":[],"variables":[],"instances":[{"angle":360,"customSize":true,"depth":1,"height":922,"layer":"","name":"NewSprite2","persistentUuid":"009c1f51-4c87-481c-a533-0b44d38d2479","width":1602,"x":-76,"y":-86,"zOrder":1,"numberProperties":[],"stringProperties":[],"initialVariables":[]},{"angle":0,"customSize":false,"height":0,"layer":"","name":"NewSprite3","persistentUuid":"3ab9084d-af8b-4953-8296-fcb96a84dcef","width":0,"x":658,"y":340,"zOrder":2,"numberProperties":[],"stringProperties":[],"initialVariables":[]},{"angle":0,"customSize":true,"depth":1,"height":733,"layer":"","name":"Wall","persistentUuid":"36d8fefb-9376-4197-94c0-f754bb57546f","width":61,"x":-66,"y":14,"zOrder":3,"numberProperties":[],"stringProperties":[],"initialVariables":[]},{"angle":0,"customSize":true,"depth":1,"height":120,"layer":"","name":"Wall","persistentUuid":"075c5581-9f1b-4f7b-9a9b-14e8d2e31892","width":1130,"x":168,"y":-133,"zOrder":3,"numberProperties":[],"stringProperties":[],"initialVariables":[]},{"angle":0,"customSize":true,"depth":1,"height":733,"layer":"","name":"Wall","persistentUuid":"59425812-8bb1-4a35-9be6-477f2c97f6e1","width":61,"x":1455,"y":-12,"zOrder":3,"numberProperties":[],"stringProperties":[],"initialVariables":[]},{"angle":0,"customSize":true,"depth":1,"height":54,"layer":"","name":"Wall","persistentUuid":"7afbf74f-16d8-4f46-a6a6-9d4645ed1ac2","width":841,"x":239,"y":776,"zOrder":3,"numberProperties":[],"stringProperties":[],"initialVariables":[]},{"angle":0,"customSize":true,"depth":1,"height":733,"layer":"","name":"Wall","persistentUuid":"bd74ef7b-e1bd-454b-9ab8-df740d13bac2","width":61,"x":1882,"y":-11,"zOrder":3,"numberProperties":[],"stringProperties":[],"initialVariables":[]}],"objects":[{"adaptCollisionMaskAutomatically":true,"assetStoreId":"","name":"NewSprite3","tags":"","type":"Sprite","updateIfNotVisible":false,"variables":[],"effects":[],"behaviors":[{"name":"PathfindingObstacle","type":"PathfindingBehavior::PathfindingObstacleBehavior","cost":2,"impassable":true},{"name":"TopDownMovement","type":"TopDownMovementBehavior::TopDownMovementBehavior","acceleration":400,"allowDiagonals":true,"angleOffset":0,"angularMaxSpeed":180,"customIsometryAngle":30,"deceleration":800,"ignoreDefaultControls":false,"maxSpeed":200,"movementAngleOffset":0,"rotateObject":false,"viewpoint":"TopDown"}],"animations":[{"name":"","useMultipleDirections":false,"directions":[{"looping":false,"timeBetweenFrames":0.08,"sprites":[{"hasCustomCollisionMask":true,"image":"Cowboy with cape 2_Idle.png","points":[],"originPoint":{"name":"origine","x":0,"y":0},"centerPoint":{"automatic":true,"name":"centre","x":0,"y":0},"customCollisionMask":[[{"x":5,"y":12},{"x":56,"y":12},{"x":56,"y":61},{"x":5,"y":61}]]}]}]}]},{"adaptCollisionMaskAutomatically":true,"assetStoreId":"","name":"Wall","tags":"","type":"Sprite","updateIfNotVisible":false,"variables":[],"effects":[],"behaviors":[],"animations":[{"name":"Wall","useMultipleDirections":false,"directions":[{"looping":false,"metadata":"{\"pskl\":{}}","timeBetweenFrames":0.08,"sprites":[{"hasCustomCollisionMask":true,"image":"Wall","points":[],"originPoint":{"name":"origine","x":0,"y":0},"centerPoint":{"automatic":true,"name":"centre","x":0,"y":0},"customCollisionMask":[[{"x":0,"y":0},{"x":64,"y":0},{"x":64,"y":64},{"x":0,"y":64}]]}]}]}]},{"adaptCollisionMaskAutomatically":false,"assetStoreId":"","name":"NewSprite2","tags":"","type":"Sprite","updateIfNotVisible":false,"variables":[],"effects":[],"behaviors":[],"animations":[{"name":"NewSprite2","useMultipleDirections":false,"directions":[{"looping":false,"metadata":"{\"pskl\":{}}","timeBetweenFrames":0.08,"sprites":[{"hasCustomCollisionMask":false,"image":"NewSprite4","points":[],"originPoint":{"name":"origine","x":0,"y":0},"centerPoint":{"automatic":true,"name":"centre","x":0,"y":0},"customCollisionMask":[]}]}]}]}],"events":[{"type":"BuiltinCommonInstructions::Standard","conditions":[{"type":{"value":"DepartScene"},"parameters":[""]}],"actions":[]},{"type":"BuiltinCommonInstructions::Standard","conditions":[{"type":{"value":"CollisionNP"},"parameters":["NewSprite3","Wall","","",""]}],"actions":[{"type":{"value":"SeparateFromObjects"},"parameters":["NewSprite3","Wall",""]}]},{"type":"BuiltinCommonInstructions::Standard","conditions":[],"actions":[]},{"type":"BuiltinCommonInstructions::Standard","conditions":[],"actions":[]}],"layers":[{"ambientLightColorB":0,"ambientLightColorG":8042920,"ambientLightColorR":16,"camera3DFarPlaneDistance":10000,"camera3DFieldOfView":45,"camera3DNearPlaneDistance":0.1,"followBaseLayerCamera":false,"isLightingLayer":false,"isLocked":false,"name":"","renderingType":"","visibility":true,"cameras":[{"defaultSize":true,"defaultViewport":true,"height":0,"viewportBottom":1,"viewportLeft":0,"viewportRight":1,"viewportTop":0,"width":0}],"effects":[]}],"behaviorsSharedData":[{"name":"Animation","type":"AnimatableCapability::AnimatableBehavior"},{"name":"Effect","type":"EffectCapability::EffectBehavior"},{"name":"Flippable","type":"FlippableCapability::FlippableBehavior"},{"name":"Opacity","type":"OpacityCapability::OpacityBehavior"},{"name":"PathfindingObstacle","type":"PathfindingBehavior::PathfindingObstacleBehavior"},{"name":"Resizable","type":"ResizableCapability::ResizableBehavior"},{"name":"Scale","type":"ScalableCapability::ScalableBehavior"},{"name":"TopDownMovement","type":"TopDownMovementBehavior::TopDownMovementBehavior"}]},{"b":209,"disableInputWhenNotFocused":true,"mangledName":"Untitled_32scene2","name":"Untitled scene2","r":209,"standardSortMethod":true,"stopSoundsOnStartup":true,"title":"","v":209,"uiSettings":{"grid":false,"gridType":"rectangular","gridWidth":32,"gridHeight":32,"gridOffsetX":0,"gridOffsetY":0,"gridColor":10401023,"gridAlpha":0.8,"snap":false,"zoomFactor":0.4827586206896552,"windowMask":false},"objectsGroups":[],"variables":[],"instances":[],"objects":[],"events":[],"layers":[{"ambientLightColorB":200,"ambientLightColorG":200,"ambientLightColorR":200,"camera3DFarPlaneDistance":10000,"camera3DFieldOfView":45,"camera3DNearPlaneDistance":0.1,"followBaseLayerCamera":false,"isLightingLayer":false,"isLocked":false,"name":"","renderingType":"","visibility":true,"cameras":[{"defaultSize":true,"defaultViewport":true,"height":0,"viewportBottom":1,"viewportLeft":0,"viewportRight":1,"viewportTop":0,"width":0}],"effects":[{"effectType":"Scene3D::HemisphereLight","name":"3D Light","doubleParameters":{"elevation":45,"intensity":1,"rotation":0},"stringParameters":{"groundColor":"64;64;64","skyColor":"255;255;255","top":"Y-"},"booleanParameters":{}}]}],"behaviorsSharedData":[]}],"externalEvents":[],"eventsFunctionsExtensions":[],"externalLayouts":[],"externalSourceFiles":[]}